name,job title,company
Ziad Ahmed,,
Michael Akkerman,,
Avery Akkineni,,
Jeff Alderman,,
Priyanka Arya,,
Jenni Baker,,
Aimee Baller,,
Chaucer Barnes,,
Matt Barnes,,
Meg Beaudet,,
Fabrice Beer-Gabel,,
Kamal Bhandal,,
Art Binder,,
Sean Black,,
Liz Blacker,,
Allison Blais,,
Bonin Bough,,
Julie Bowerman,,
Aja Bradley Kemp,,
Lynn Branigan,,
Matthias Braun,,
Rex Briggs,,
Bobbi Brown,,
Davis Burleson,,
Maryna Burushkina,,
Greg Carroll,,
Marcus Casey,,
RC Casey,,
Ethan Chernofsky,,
Katharine Christian,,
Jean Paul Ciaramella,,
Kate Clough,,
Erin Condon,,
Frank Cooper III,,
Laura Correnti,,
Katie Couric,,
Philip Cowdell,,
Pete Crofut,,
Mark Cuban,,
Darren D'Altorio,,
Kristen D'Arcy,,
Celeny DA SILVA,,
Aiden Darné,,
Ray Davis,,
Norm de Greve,,
Scott Decker,,
Mike Denzler,,
Lorry Destainville,,
Ryan Detert,,
Chris Detert,,
Fred Dimesa,,
Ed Dinichert,,
Elizabeth Donovan,,
Dionna Dorsey,,
Kelly Drake,,
Matt Drzewicki,,
Aimee Egan,,
Esi Eggleston Bracey,,
Tim Ellis,,
Jasmine Enberg,,
Andrew Essex,,
Oz Etzioni,,
Scott Falzone,,
Brad Feinberg,,
Tom Fochetta,,
Eric Franchi,,
Antonio Francisco,,
Alex Freed,,
Heather Freeland,,
Justin Freid,,
Barry Frey,,
John Furner,,
Melissa Gallo,,
Danny Gardner,,
Sam Garfield,,
Jessica Giles,,
Jen Gold,,
David Goldfrach,,
Julia Goldin,,
Neej Gore,,
James Grant,,
Jeff Greenspoon,,
Mark Grether,,
Purva Gupta,,
Chris Gurciullo,,
Greer Guyer,,
Joe Hall,,
Jon Halvorson,,
Sarah Harms,,
Cooper Harris,,
Tara Hauser-Pope,,
Krystal Hauserman,,
Tammy Henault,,
Dylan Hendricks,,
Jason Hernandez,,
Parker Herren,,
Dana Hork,,
Evan Hovorka,,
Christine Huang,,
Julie Hurvitz Aliaga,,
Charlie Ibarra,,
Greg James,,
Flau'jae Johnson,,
Pete Johnson,,
Constance Jones,,
Megan Jones,,
Greg Joseph,,
Haley Kalil,,
Benjamin Kaplan,,
Harry Kargman,,
Adam Kasper,,
Michael Kassan,,
David Katz,,
Jeffrey Katzenberg,,
Sean Kearns,,
Jacki Kelley,,
Tyler Kelly,,
Kellyn Kenny,,
Shruti Khatod,,
Taren King,,
Banoo Klein,,
Bill Koenigsberg,,
Aidan Kohn-Murphy,,
Nadia Kokni,,
Oleg Korenfeld,,
James Kreckler,,
Mike Laband,,
Alanna Laforet,,
Alia Lamborghini,,
Kristin Lane,,
Vince Lau,,
Robin Lickliter,,
Jessica Ling,,
Stephanie Long,,
Paul Longo,,
Sean Macnew,,
Ali Manning,,
Caitlin Marino,,
Jeff Marsilio,,
Sarah Marzano,,
Brittany Marzette,,
Eric Mayhew,,
Ryan Mayward,,
Katie McAdams,,
Brian McDevitt,,
Mack McKelvey,,
Beth McKenna Moore,,
Heather McMahan,,
Kelly McMahon,,
Martin Melgoza,,
Rebecca Messina,,
Angelique Miller,,
Evelyn Mitchell-Wolf,,
Matt Mohun,,
Joaquin Molla,,
Catharine Montgomery,,
Alan Moss,,
Khari Motayne,,
Christian Muche,,
Hassan Murad,,
Mark Myers,,
Cameron Nelson,,
Anne Marie Nelson-Bogle,,
Alexis Ohanian,,
Priti Ohri,,
JC Oliver,,
Jacyln Osterloh,,
Brian O’Kelley,,
Shelly Palmer,,
Sidd Panigrahi,,
Lou Paskalis,,
Claudine Patel,,
Jennifer Peters,,
Tylynn Pettrey,,
Tanvi Phadke,,
Bob Pittman,,
Amy Powell,,
Adam Powell,,
Jamie Power,,
Shannon Pruitt,,
Kara Puccinelli,,
Tomas Puig,,
Dave Raggio,,
Alicianne Rand,,
Bill Ready,,
Maeve Reddicliffe,,
Shenan Reed,,
Taylor Reeves,,
Bob Regular,,
Jon Reilly,,
Lexie Riegelhaupt,,
Vinny Rinaldi,,
Tim Ringel,,
Heather Robertson,,
Elizabeth Roche,,
Omar Rodriguez-Vila,,
Tiffany Rolfe,,
Tyler Romasco,,
Oscar Rondon,,
Marika Roque,,
Ravit Ross,,
Zoe Ruderman,,
Matt Ryter,,
David Sable,,
Bob Safian,,
Dan Salkey,,
Josh Sapan,,
Phil Schraeder,,
Ashleigh Shapiro,,
Judy Shaw,,
Alexandra Shiva,,
Jean Simmons,,
Matt Simon,,
William Sind,,
Nathan Smith,,
Stan Smith,,
Max Snow,,
Tiffani Sossei,,
Jimmy Spano,,
Sydney Stanback,,
Artis Stevens,,
Martha Stewart,,
Jonathan Stringfield,,
Greg Stuart,,
Ken Suh,,
Beth Trentacoste,,
Dara Treseder,,
Lorraine Twohill,,
Diego Vaccarezza,,
Stephen Vallera,,
Tina Vaswani,,
Serge Vatin-Perignon,,
Gary Vaynerchuk,,
Michael Vito Valentino,,
Danielle Ward,,
Keith Weisberg,,
Julie Weitzner,,
Robin Wheeler,,
Rob Wilk,,
Jessica Williams,,
Tallulah Willis,,
Ryu Yokoi,,
Shaina Zafar,,
Mark Zagorski,,
Shelley Zalis,,
Mike Zaneis,,
Carlos Zepeda,,
